date,mkt_excess,size,value,momentum,asset_excess
2023-01-03,0.0033518878772987445,-0.0029459916543042443,0.012274760068325183,6.87077500239265e-05,0.00025620774852958206
2023-01-04,-0.01143982516864545,0.0027324444075240762,0.008056664837745173,-0.0017955882233115384,-0.018062364476237457
2023-01-05,0.00825496315387103,0.01382958115524474,-0.006475322099563113,-0.006090407434372897,0.0067949578859083995
2023-01-06,0.010346211880303352,-0.0078948566274259,-0.013522531104368072,0.01229253390517972,0.01979548729486594
2023-01-09,-0.021461387075192198,-0.001962222767536878,-0.026680759540574858,0.010711010412432786,-0.011510699770190789
2023-01-10,-0.014323974575485498,0.006218700608493952,-0.004891459571393711,0.006816292101332571,-0.00432754991306712
2023-01-11,0.001406244434840139,0.003478128595732949,0.02178373511022662,-0.005525102386854766,-4.2925363963471855e-05
2023-01-12,-0.0034786685157794043,-0.0030092485698407943,0.003913958443172826,0.005130115945783673,-0.004446473396290096
2023-01-13,-0.00018481273254717675,-0.0010705837161283291,-0.005036150574445405,0.003837758456987411,0.004532960740203913
2023-01-16,-0.00938348320330938,-0.010999166466959854,0.004185721885502756,0.0026552737452243177,-0.007665381581168735
2023-01-17,0.009673377723491113,-0.001905389951797322,-0.014048625176949985,0.007497991602262663,0.002963800365771133
2023-01-18,0.00855571128971843,-0.002131099920071641,-0.002675910264278719,0.0038122268571676643,0.020271935339751378
2023-01-19,0.0007263376731733765,0.0018573591170100478,0.0008952972571416464,0.004440085417826013,0.0007723177584216725
2023-01-20,0.01239965327664836,-0.0044426177505521285,-0.0007749058663894365,0.0038214377002332607,-0.004400253461069722
2023-01-23,0.005142602764772501,0.003772308180361112,0.007117255095210725,0.0020447484480126355,-0.0010106486060022539
2023-01-24,-0.00945221709171562,0.008101726542558628,0.0031018070361244713,-0.010701666778285102,-0.018590806645268486
2023-01-25,0.004056258624907487,0.0012434346213477283,0.006014934162971972,0.0005017264644633434,0.0036241574611267455
2023-01-26,-0.010547708609118987,0.0028140512671936276,-0.0061953505400768345,-0.003337151753094751,-0.011291871864491824
2023-01-27,0.009662953314379998,0.0004252427806229389,0.008080338675694932,-0.007679045745840123,0.0024033312923899416
2023-01-30,-0.0005491850208487818,6.751447313134434e-07,0.014660432528615921,0.010090899715804943,0.003634166586024219
2023-01-31,-0.002033485998997866,-0.005772464268342779,-0.008731345676862713,0.010373972045314222,0.00367913579556429
2023-02-01,-0.007490224988443355,0.0025319540933864642,-0.007989260901431037,0.008155323601773672,0.0005671233666338748
2023-02-02,0.013447954725414333,-0.0007782927873079158,0.012022059026882095,0.0015312805011352478,0.01493950911763875
2023-02-03,-0.0016998243027568237,0.01674534647144476,-0.0017220958802555424,0.00810375072571594,0.008761101276033294
2023-02-06,-0.004711606043794179,0.01258683921980194,0.012634392528599011,7.231908361095325e-05,-0.015207324078114223
2023-02-07,-0.003873469055370525,0.0030867724204520063,-0.003982821407029655,0.0012167836613866763,-0.0035673036128009926
2023-02-08,0.005855401041086836,-0.0061044576775581404,0.013095410186436401,-0.006560828222771898,-0.014279936620369476
2023-02-09,0.004019884708004862,-0.008899291775867344,0.0011833723512490696,0.00238194782699304,0.0023677951620199524
2023-02-10,0.004540058727555872,0.00952914362471092,0.0023240594099042567,0.0003623155705465026,0.006320267367411924
2023-02-13,0.00473903103308671,0.002101993801177108,0.014082462195029137,-0.007815912701006787,0.006393265235114627
2023-02-14,0.02355812360957507,0.0038411472271328868,-0.003255934296997541,-0.0003071826708995814,0.04078974381718943
2023-02-15,-0.004470565180230771,-0.01395668789579354,-0.008470098863324624,-0.00047837738314085085,-0.00514582472958262
2023-02-16,-0.0056346700197869104,0.007419507852465446,-0.004037077872255189,0.01078536699986784,-0.0014896999811008455
2023-02-17,-0.008951500010726655,0.0036353627057149037,0.004071005555788248,0.005365279971080457,-0.0018100366286383255
2023-02-20,0.0067757736483304515,-0.008883445475315823,-0.014091831649624628,6.86726345487961e-05,0.0024789246515912245
2023-02-21,0.012418695219929807,-0.003772198459599592,0.005737238123860093,0.001492723858806498,0.009989920763892471
2023-02-22,-0.0012534220342036257,0.0021097376348521565,-0.0048489418585596885,0.00026527426862518836,0.0043892877508303315
2023-02-23,-0.009241721246587807,0.00041973438684994905,0.01033031394660207,-0.0012174839087732863,-0.014612677410986223
2023-02-24,-0.009069293372603635,-0.0023373694864284402,-0.02154834274410424,-0.006494563184329721,-0.001066581172492853
2023-02-27,0.007156520666071711,-0.0008279061445276869,-0.0070790919759375175,-0.0009063112656415756,0.011876245054693417
2023-02-28,0.008175795883237864,-0.002015819025655083,-0.015178213361106916,-0.00447658953991508,0.0004894638284955776
2023-03-01,0.005974696951357145,0.0012205000968197486,-0.007436065197275572,-0.007501893233538878,0.010787064423748523
2023-03-02,-0.007320606780175637,0.011771935783945257,0.002228993109980488,0.003067330887285208,0.0022285314745481653
2023-03-03,0.002553774553733917,-0.02053326752745038,-0.001613039629047794,0.00234758795959941,-0.0011651304864130885
2023-03-06,0.0012835439005480103,-0.001894802116077474,-0.0022803981205321345,-0.010720245068208468,-0.005383674199685547
2023-03-07,0.0024055745640191423,0.0014120993709795758,-0.001432663842420547,-0.0007361078249707633,-0.0014634628572428917
2023-03-08,0.009585716557430088,0.002367951917496796,0.0018304941655794907,0.0059742083153995415,0.006801691192073962
2023-03-09,0.002459551036521505,-0.002975316650570319,-0.009076824377487969,0.006355342433377925,0.007863376608413618
2023-03-10,0.007468049193790843,-0.01405377425982866,0.006361646768091456,0.006155021057311433,-0.002272609907338326
2023-03-13,0.0007433697643778061,0.0026239638697128772,0.005963993733469355,0.00023347924140875882,0.002306242782541521
2023-03-14,0.0031803133855898254,0.01381880171331348,0.0034653414389049088,-0.005070271967814907,-0.002108167342950543
2023-03-15,0.0069441704842239434,-0.0122708912393291,0.005008800984761368,-0.006502192964148363,-0.0010198658284410653
2023-03-16,-0.01602871401841233,0.006910624109585506,0.0026677620072779354,0.002067629428502145,-0.01099719437878008
2023-03-17,-0.0035163833799303143,-0.002628201784983151,0.018315659724579606,0.002275680206190978,0.007202432156331898
2023-03-20,-0.005174099197220751,-0.0004905947666307784,-0.0007838475394725891,0.007723986669630392,-0.010033344316705686
2023-03-21,-0.0070276563306767605,-0.008423188085631592,-0.0027637489650111906,0.006599877902052502,0.004870743476816938
2023-03-22,-0.003026564763493521,-0.0026756493788470132,-0.0067817482232164,-0.0007933719391870327,-0.0017998332063894756
2023-03-23,0.016444354423578354,0.010400356757591668,-0.00929036403520053,-0.007465235273165217,0.021295614599678044
2023-03-24,-0.009524142272625675,0.0046612419359016565,-0.011200246088409678,-0.001914639582065387,-0.005305875166049351
2023-03-27,0.01065106190050629,0.013858492843279554,-0.007999175819078266,0.0013033871688631481,0.018737536965020875
2023-03-28,-0.018511567487773852,0.00941929511182155,-0.0006361234348686418,-0.0012124994723364244,-0.01648977167463067
2023-03-29,-0.003683735329843523,0.00351269343143661,0.0030086561564794303,-0.003467364648465935,0.003807358319685215
2023-03-30,0.0017902837161550614,0.013951476209342338,0.00046027852696945603,0.0015173088898193935,0.003662943088214824
2023-03-31,0.006448445644952059,0.00351194526990639,-0.006889817496867416,-0.003023746448463663,0.014402146965191452
2023-04-03,0.007823492377721404,0.006623905414376472,-0.0007793767029310128,-0.003768396502352244,0.0015367488515234213
2023-04-04,0.008726819587199177,-0.0023725676282776668,0.006654714050708528,0.0018687170058206374,0.0065552769681339
2023-04-05,-0.003835975794732813,0.0005323665268736386,-0.0014368347667981529,-0.002411955480775229,-0.009635464569186796
2023-04-06,-0.005085869719310239,-0.005579390586402215,-0.005876245301982408,0.0014646263338701129,-0.0017208877241273474
2023-04-07,0.009437734693828692,0.007916671476758825,0.004935851287468196,0.0016392241371127362,0.02229318308326752
2023-04-10,-0.0021043475736977637,-0.009426428984918925,0.0016917622873749401,-0.006836574006549448,-0.006985638477472932
2023-04-11,-0.01403254955671714,0.00625880273934129,-0.013033145334735428,-0.002887446743192473,-0.01206155186318488
2023-04-12,-0.012466159354038286,-0.0015252084600412756,-0.0007793767029310128,0.008626661639498774,-0.018977928806490095
2023-04-13,-0.010113975146017725,0.009369976747738555,0.0023583223086694294,-0.006972477076405722,-0.011246099126519547
2023-04-14,0.005468768184591404,0.006006951909850079,-0.008097253078389783,-0.012699926693823187,-0.006072339749492975
2023-04-17,0.0015666830967762176,0.014565169261174413,0.001708590535536987,-0.01117107091945507,-0.0024882496196630324
2023-04-18,0.00759533889474545,0.005846197529109158,-0.013093402367320102,0.0001746596794600152,0.012077612001251015
2023-04-19,-0.004699779109701876,-0.012576322045225926,0.012025674900109537,0.00018550366819619345,-0.0012966046923698037
2023-04-20,0.0017439366018438564,-0.0005356253831856067,0.011231549865534885,-0.0007056651325507257,0.011887445027018603
2023-04-21,0.006881494333640704,-0.009376057540758527,-0.0022726560087266826,0.007285138973571009,0.0029544451643657805
2023-04-24,-0.0034028119369226223,-0.004146238738930197,0.0032710890405516584,-0.016037006598617627,-0.001736977759998413
2023-04-25,0.005024527613131526,0.012089827466213773,-0.0007793767029310128,0.0023756032465849417,0.013214643941933982
2023-04-26,-0.007281185351733163,0.005100270487181568,-0.010407128942387996,0.00936862921082144,-0.0011107082217034808
2023-04-27,-0.0039935923122157895,-0.005591443428629971,-0.002644010281369168,-0.006766684589350284,-0.004325690411655884
2023-04-28,-0.00419911683398162,-0.008109738931523192,-0.009649197192841732,-0.0022788390707393705,-0.004691973135670037
2023-05-01,-0.013154236101479436,0.00026225674301008634,0.006429568343675929,-0.0045173515033717256,-0.013034863197901515
2023-05-02,0.0053566972886413995,-0.009732481195049023,0.017975668776731943,-0.005366076276465173,-0.004508612684121984
2023-05-03,-0.0051634257422299625,-0.005369122219172649,-0.0007793767029310128,-0.00195757203013824,-0.013475573266461685
2023-05-04,0.0001374353060045617,0.002496075772409951,-0.007537170636766734,0.008564911702107028,-0.00027600510647359487
2023-05-05,0.005288213247964998,0.009242496288853569,0.0021190353147893725,0.011024320052925122,0.015149653645340782
2023-05-08,0.004911842936329384,0.004870091777795518,0.014500045336496585,-0.002015635350240886,0.0012239181578299154
2023-05-09,0.007319236198700649,-0.0183303160687848,-0.011001368812859128,0.011430361284386821,0.0039450825151191625
2023-05-10,-0.0010833403296036596,0.0024349338322420784,0.0022413251007624775,0.0002134588619077492,-0.0004932245878694781
2023-05-11,-0.004656281432485691,0.0005762685858606234,-0.0007793767029310128,0.010522146160206487,0.00229789305393345
2023-05-12,-0.0008769003199703895,0.0033111222829815446,-0.0007793767029310128,-0.0005597918979209506,0.002883969153201015
2023-05-15,-0.018560678773538328,0.012929677453209658,-0.011529622861612488,0.0007863469562768658,-0.01974996722020545
2023-05-16,-0.01591823719665396,-0.016505906214437944,-0.003812459458147544,0.0021928468358570073,-0.0029444582838923736
2023-05-17,-0.014549695735898425,-0.004728827401528845,-0.004685295715698699,0.04907312207620521,0.011490181571302174
2023-05-18,-0.0109697151036163,0.004727250582346837,0.0073134115897828,0.005107713449068734,-0.0033654113012145112
2023-05-19,0.004397516493957802,-0.012652755195631539,0.0021749374783875423,-0.004243587179708782,0.0046947809885837626
2023-05-22,-0.009960269608960667,0.011807592384428071,-0.01597465853677915,0.005813987221655148,0.009169046516839165
2023-05-23,-0.004159788094433286,0.0029468529016052672,0.004638693626107297,-0.002170995222506049,0.0019595822878837954
2023-05-24,0.014291511275646719,0.006772671886747232,-0.0051978499862008545,-0.002938501097407255,0.020974501770983964
2023-05-25,-0.003918903681675685,-0.0045675492921743565,0.011470024952471151,0.0054516081593526675,-0.0010106745257051674
2023-05-26,0.008112671253137952,0.006510109519729685,-0.005648287827932277,0.0001865135266269167,0.013868305875901932
2023-05-29,-0.010269794480108646,0.008547772447912307,-0.0057295375479201206,0.0016714554870708364,-0.015027051752752384
2023-05-30,-0.00225981313654393,0.0018630241610973469,0.004870184497240783,8.391133119175477e-05,0.0010750728990905176
2023-05-31,-0.010450242604016393,0.0018752071415895676,0.006866338341032429,0.0020194987596326083,-0.020974909791196886
2023-06-01,-0.003729363834906187,0.002162745914253807,0.004032894275425832,0.0025497953846168953,-0.0066682649603155945
2023-06-02,0.00924338951203135,-0.006906762117915054,-0.0007793767029310128,-0.011621801596232492,0.015960175379677404
2023-06-05,-0.019000524655115834,-0.0011802294419228235,0.00484230995935426,0.0039994360116572016,-0.005643006702540422
2023-06-06,0.00477866007900443,-0.0012201802596188704,-0.00930877246506959,-0.005892116518981804,0.01231111315222365
2023-06-07,0.002615091625655057,0.003067150914827961,0.0021174850042943714,-0.008653794813356468,-0.001170059212919856
2023-06-08,-0.006535649512664738,0.007998593975282357,-0.0007793767029310128,-0.00035046746315209467,-0.009780846529290822
2023-06-09,-0.015906636398273,-0.008468288655827275,0.004016899327887573,0.0005038860198867256,-0.019512134785656797
2023-06-12,0.0007934245848525646,-0.0010000722425566211,-0.007259390138766353,-0.004161036987433685,0.0006547960519486305
2023-06-13,-0.005824419799701826,0.011851644381271786,-0.011543711852344695,0.0049861911460078465,0.0018911665409385237
2023-06-14,0.0025594383249017433,-0.005948705830500513,0.0064243812283415955,-0.008053050998225442,0.0027797480158962516
2023-06-15,0.00024037360075787167,-0.006578000138322563,0.0021748006950907616,-0.0024416624926353538,-0.003795966189501508
2023-06-16,0.01761956780453007,0.0016184495346495487,-0.005525791212536073,-0.003509244809598004,0.020339426477270488
2023-06-19,-0.002632911902203267,0.006755081523882561,0.013060609641189576,-0.00027952362203603623,-0.007399180695124835
2023-06-20,-0.011258472418840515,9.140844448527465e-05,-0.003965871794127681,0.0016731857078834326,-0.004708426072065913
2023-06-21,0.0019720319845194776,0.010631684723495915,0.0002889690657384119,-0.006047357697741268,0.0025147712916523185
2023-06-22,0.0024199635236894167,0.006854351860532215,0.002420221029107408,0.0043456960647373696,0.0016840062166422805
2023-06-23,0.0149510633276448,0.0067345605351204945,-0.005576993407157522,0.00037801421000819836,0.013620598613028188
2023-06-26,0.009186223705060363,0.004432932010592747,0.004240226640599364,-0.011351677519871463,0.003827170330889705
2023-06-27,0.0039255816506446025,0.01862122480276868,-0.004801071124482519,-0.011751548642382186,0.0039029935023844366
2023-06-28,0.01609633180341518,-0.0016412935109283535,-0.003704744899945883,-7.391575757586741e-05,0.035161978121813195
2023-06-29,-0.01307639359755136,-0.016028178336532112,0.01226378375823007,-0.0013258039067181246,-0.018961465952237584
2023-06-30,-0.0070372668602472245,0.012834034892137127,-0.009365274472611897,-0.000620520681447801,-0.003547892250464575
2023-07-03,-0.010192335355460774,-0.0036615954476546054,-0.02171502297836541,-0.00016789473918130788,-0.024819951860967887
2023-07-04,-0.004287907834713447,0.0008630435547442643,0.014498432955107048,0.0013533590370610844,-0.010284899997593286
2023-07-05,-0.015143547623119397,0.010476405478884216,0.022943951573463024,0.005685897659089798,-0.015161156485173853
2023-07-06,0.006986660414958447,-0.012818076328471402,-0.003647423389043986,-0.006666629405505349,-0.003243571913705884
2023-07-07,-0.002444449668086507,-0.010013177712849116,-0.017431542365581667,-0.007031829557404769,0.0022480889853255847
2023-07-10,-0.016178869239529235,-0.01281022349695083,-0.0027943557857634934,-0.0065599431473242955,-0.02130128549846045
2023-07-11,-0.011171369893282957,-0.006353090320203391,-0.0025760065485660225,0.0017335000030122415,0.0011675365978628567
2023-07-12,0.003448652321952148,0.0035170928481359485,-0.0017093145692003132,0.007469684271878673,0.007471498757176727
2023-07-13,0.009219392246838192,0.004193502742502168,-0.0007793767029310128,-0.002588036629437063,0.010368438952366357
2023-07-14,0.02196403980860965,0.00221019343462843,0.005216050282288296,-0.015010199064957928,0.013886826314017093
2023-07-17,0.03205248712608062,-0.011302127071138932,0.004720566377574775,-0.010223957175662253,0.02227521576251124
2023-07-18,0.00455850376603596,-0.018480827493061153,-0.013449650578373757,-0.00499822033677607,0.009871303965821676
2023-07-19,-0.010884919320350505,0.0004348286831230581,0.00629277058525399,-0.0033463733249712887,-0.032406698069840034
2023-07-20,-0.0234525090880444,-0.003774208269106686,0.01847416483751302,-0.0024503317635283586,-0.0560345816355765
2023-07-21,0.0029448260857821936,0.003675086173732894,0.0015476429919335387,0.0002314867378855024,0.0008173067566300345
2023-07-24,-0.008942352048413585,0.005615629009770161,-0.003035926458616554,-0.0018704779849346828,-0.006615438205258648
2023-07-25,-0.004568929861976538,0.0011059314564694554,-0.0012780289296676916,0.006296037663260443,0.0027903886695972288
2023-07-26,-0.006733064789657888,0.0060810646830068305,0.0055373109027170506,-0.004056103834088213,-0.003383674622349143
2023-07-27,-0.0015486997505802379,0.0018336909929205474,-0.015576044449564962,-0.005173907756853258,-0.0018585769193902844
2023-07-28,0.01172578253866408,0.004240517644811734,0.00147951632679572,0.00287325323112277,0.02206713472085094
2023-07-31,0.0017275342418987907,-0.005637386102959059,-0.0035141755451652905,-0.009213852419556716,0.0023403778727629837
2023-08-01,-0.0017449832074255712,-0.0014368913106516683,0.016630425116604407,0.0023381502319200134,-0.0026819932660574865
2023-08-02,-0.011392191281083926,0.001574208773255658,-0.0015675546042446208,0.0006153191023576011,-0.0004549088159267762
2023-08-03,-0.018421512391747927,0.0065642278033393505,0.015010988500075676,-0.0008846549395090045,-0.01393131508386519
2023-08-04,-0.00534938699980664,-0.003149929377796577,-0.009933666280038065,0.009529656642895575,-0.003825636227978079
2023-08-07,-0.0005916080590015254,0.0041693380458569015,0.005285332501225129,-0.003733244671768308,0.0012080076226173811
2023-08-08,0.019447229049378713,-0.0021267103353230323,0.002874602374121059,0.01236178902314447,0.02296381805442971
2023-08-09,0.0014330197362017443,-0.0009403373386250429,-0.00782142523078304,-0.0013525886953685959,0.00186649388285173
2023-08-10,0.010810134621253633,0.006636152336192584,0.0015965650317324638,-0.007662098669821369,0.021889167805846717
2023-08-11,-0.005492251583930672,-0.015944482968433246,0.010912669531484403,0.0004195174859689518,-0.025627056109939046
2023-08-14,-0.01303438143058727,-0.010371778624598088,-0.002914125338579406,-0.006457471201912609,-0.030102150499969414
2023-08-15,-0.01061628438455609,-0.011857483179542567,-0.015227663842527868,-0.004510535086881002,-0.022098242309073927
2023-08-16,-0.007977486709893285,-0.018668928958786437,-0.00015806543829701317,0.002382199800092947,-0.013589994227811517
2023-08-17,0.023413167056786807,-0.005426115521241414,-0.0007793767029310128,0.003333492531900749,0.01836748723798525
2023-08-18,-0.009035253471468246,0.005995471197821923,-0.003081068447974941,-0.003733006201525549,-0.019413652967694386
2023-08-21,0.009223381241099794,-0.002279072531060598,-0.0007342899271660888,0.005924430870278404,0.0021465181914203726
2023-08-22,-0.00993219895895729,0.001582320655534817,-0.015350869944139653,0.006945046548126803,-0.010829155551729681
2023-08-23,0.010247303141616685,0.008713739973686341,-0.014540925053886102,0.008617810539379746,0.038150282704239216
2023-08-24,0.004234460627164495,0.010621489058141533,0.004338601519729727,0.003176480442754333,0.017183479340137184
2023-08-25,-0.0017230168742389945,-0.0005531034778091164,-0.004704468265527123,0.008180572272514192,0.00041825708920142164
2023-08-28,-0.00044838778748977425,0.010828687116555179,-0.0230826990763851,-0.011284790567844347,0.0010080090070423672
2023-08-29,-0.007202664649723294,0.0007370132674728737,0.007063596329473215,-0.0019074392917707754,-0.016073433426235677
2023-08-30,0.004906794216302886,-0.006699185790619697,0.0024513277974681585,-0.005202031537940558,-0.01061223598252682
2023-08-31,-0.00500481828374858,-0.004755202817589882,-0.006424873416328355,0.0007153551667643525,-0.0050788034728057535
2023-09-01,-0.013481663401439728,-0.01184429210052013,-0.011851471899524173,-0.0034286953151804237,-0.024594581053966724
2023-09-04,-0.01405731331751581,-0.007105070829869219,0.007522271066829034,-0.0009969470516983942,-0.01669500527454908
2023-09-05,0.001898467094943314,-0.002864133504595433,0.003144155603043866,0.011293049281224297,-0.002099793261913995
2023-09-06,0.017370003820514783,0.006428680155028813,0.02144342054415666,-0.0010183187785222697,0.004486217999007804
2023-09-07,0.0017599077493078207,0.013766158649327872,0.003781697388524436,0.0024827539031412834,0.006099719950782451
2023-09-08,-0.001305021587208708,-0.01105745212301632,0.0034893282713581333,-0.0013936159795454113,-0.0033225604060226665
2023-09-11,0.0031440875356279715,0.0031426197460793517,-0.0015023513709770862,0.00045427972774100204,0.006217842670764086
2023-09-12,0.014366019158775072,-0.008324351513260275,0.007350982804807118,3.610008261642876e-05,-0.004248474933192291
2023-09-13,0.0024132075150024197,0.003797576707705616,0.0056257668112333825,0.002689944395838957,0.007366888829210377
2023-09-14,-0.004520199539171109,-0.001048693205501813,0.011265525077086754,0.006991845213283061,-0.007911234384556595
2023-09-15,0.012169175810658777,-0.014647246606780243,-0.004691906267735562,0.009884363985619976,0.017961394507063105
2023-09-18,0.004716320823077748,0.007426375932547875,-0.0039186672564956605,0.001857720491455001,0.007389040849179979
2023-09-19,0.016893315911955913,-0.0048400057024698484,-0.004311928538207821,0.0035372813162136128,-0.00042061677293425345
2023-09-20,0.0020155788094409675,-0.004271201906988437,0.007117215490610902,-0.006905187055113402,-0.003896644374708211
2023-09-21,-0.013469159348925503,-0.00855801929031752,0.013485369962670588,-0.0005272604544937235,-0.01262877754922018
2023-09-22,-0.015049751191702314,-0.005234266213500444,-0.004129564438343706,0.005641736789301534,-0.00529003084060492
2023-09-25,0.018160207254543745,0.003423123525559338,-0.003822963550137821,0.00519581183050292,0.018012791335656912
2023-09-26,0.018960322928616265,-0.0015139547274912442,0.0028266950148281927,0.0012696583967703014,0.03669455758170337
2023-09-27,-0.001974711346108607,0.0026292960182598486,-0.0022118535001161128,0.005318363757407714,0.0057933457827235605
2023-09-28,-0.004215060532495865,0.0028953748314307494,0.00856848287825901,0.002944600253962913,-0.004633221492614422
2023-09-29,0.016075887214664224,0.010565293244225336,-0.02026599561557142,0.007201837549555929,0.03160656008031594
2023-10-02,-0.012177502502478368,-0.0027422892069150343,-0.007440345422252051,0.0017361549417426667,0.008731596008660936
2023-10-03,-0.00984199720851409,-0.011814862534765855,-0.007041747005653012,-0.002134189893426208,0.0051229622364101415
2023-10-04,0.007076594741579488,0.008537779332575865,-0.020883204111475304,0.002015047541598142,0.0038123104824052
2023-10-05,-0.004340656351455485,-0.0026519053767780376,-0.008672745999319236,-0.017583566255116655,-0.013494513847968195
2023-10-06,-5.634053392078425e-05,0.008916739556619016,-0.008236405042613335,0.002297314418310297,0.009575517311009942
2023-10-09,-0.0017978718837696381,0.0030670169054597633,-0.0018099418906694729,-0.021890476951288703,-0.01111964123548152
2023-10-10,0.003713320036788269,-0.0010491002416267595,0.010016693024942371,-0.010340780444432509,-0.008652206257275334
2023-10-11,0.015482300474450884,0.002790207152370361,-0.0022055458607163213,0.002710611605645905,0.010571502842005007
2023-10-12,0.000996433975919201,0.015608100481010396,-0.009277323482440383,0.0028651760236007716,0.009002115715583618
2023-10-13,0.0070833267260454365,0.016615844232430024,-0.0005125908709217609,-0.006974572680839583,0.007713956490736366
2023-10-16,-0.022551893111341245,0.0005550490810622296,0.009442562592972143,-0.004272612251273632,-0.03251854023893571
2023-10-17,-0.0005359024212312974,0.0012815247465366025,-0.008783629345034143,0.008223245931684792,0.0018300260317891566
2023-10-18,-0.009275532973221581,0.008609921259731085,-0.008195173955293037,-0.002904180789436057,-0.011649999302721717
2023-10-19,-0.013406943664659908,-0.006765288262138777,0.00502694063346801,0.013457521874417911,-0.018041664392485515
2023-10-20,-0.009659676036216258,0.002664562980946041,-0.0019938250415772046,-1.1519119058076895e-05,0.011373107126123072
2023-10-23,-0.0036753578477089328,-0.00020690278363085123,0.005827362216385269,0.002448217061287601,-0.001667779361845251
2023-10-24,0.010074927965916143,0.002511265691660429,-0.00012282112615767083,0.009701246390991645,0.021109184121938324
2023-10-25,-0.014590319895135203,-0.006666950447595246,0.006314972832806103,0.0007861626971605173,-0.020647620812277983
2023-10-26,0.0003369464185385919,-0.012716539946471752,-0.009315703026365767,-0.006014063884144808,-0.00403903582836177
2023-10-27,-0.005325863766669363,-0.016583867487930334,-0.00010876185709440695,-0.0006583647101657407,-0.013449425159926049
2023-10-30,-0.003604404037981569,-0.008939072903916863,-0.0018962101292684112,-0.0002136644171405456,-0.01922881639026381
2023-10-31,0.011030336078350645,-0.003669402279514664,-0.010943018316937175,0.02181155008679061,-0.004302860519837795
2023-11-01,0.005919269807043186,-0.0023455326931900947,-0.014071301530818195,-0.0015349924280449402,-0.005273281383181664
2023-11-02,0.014711379181870179,0.015497849299436135,0.0061717413174719555,-0.0044531525639846204,-0.009623208359483668
2023-11-03,-0.001699562471748905,0.008847946959258385,-0.0031585714399618024,0.005546146543124604,-0.0018945734200352103
2023-11-06,-0.007655368728377733,-0.007696728930733018,-0.009200522534825966,0.0002076712451115337,0.002447757188548891
2023-11-07,-0.0024624469856854947,0.0027816676196076554,-0.0008656104323099902,-0.0016967744948854203,-0.0020849756782504443
2023-11-08,0.0026674647039834375,-0.003256625890802601,0.010152169716143723,-0.0006370915837354575,0.006180414659296719
2023-11-09,0.0019423069429908213,-0.002274910704320761,-0.020526640608347305,0.0013387321104369968,0.006670739790773375
2023-11-10,-0.01192826879456703,0.0014826051953230562,-0.013469748209129936,0.0037008851981386788,0.0005051612641614042
2023-11-13,0.0009953875979066163,0.0049533689358031464,-0.008305977977057408,-0.005998273372016289,-0.002094890751146077
2023-11-14,0.0025105116315279567,-0.002714067871072123,0.01315060980048296,-0.006249525795727631,0.0001492368284799271
2023-11-15,0.027692214412873124,0.008510812261874869,0.0025432828462736683,0.00662807529241518,0.04188314502685544
2023-11-16,0.02064529072409837,-0.009135505809139232,0.0069058551641510415,-0.0024740212332283835,0.0065457312073374865
2023-11-17,-0.00938567685614702,5.071249889814754e-05,-0.010261448272136073,-0.008501052555581244,-0.004933420718063546
2023-11-20,-0.003161216977040937,0.02078138981276666,-0.010075822877434736,0.002662876256298628,0.0077950288123334825
2023-11-21,-0.016097862020207035,0.0017846379410022008,0.004030323450504393,0.0027802188361961216,-0.019893079906975693
2023-11-22,-0.006497777153598351,0.011465716052849382,0.0005244689784190189,-0.00918429154354024,-0.013456952619923936
2023-11-23,0.0034716550394937452,0.0007321614253856654,0.004938649369777138,0.0013768902927816379,-0.003044612224092895
2023-11-24,0.013264389829770568,0.004646216762638374,-0.0007793767029310128,0.004413498554570241,0.01594225277449131
2023-11-27,-0.008019922215179694,-0.0004542655551415323,0.0025032935380916426,0.0022463187102375786,-0.004347286651054017
2023-11-28,-0.007195610840745762,-0.0013632606493136354,0.0014230717641459825,0.003791888902568372,-0.011178034227859294
2023-11-29,-0.023620179327125203,-0.006235859173803357,0.006999906501764328,-0.008425614588544494,-0.02606058487549833
2023-11-30,-0.0017893251259939842,0.003442410871660426,0.007263074537500235,0.0019862409299771736,0.0014770590385202683
2023-12-01,-0.011686558530455193,-0.0068122975134861435,-0.014578847949525927,-0.0018157185568226793,-0.004782183953380158
2023-12-04,-0.005823833701026811,0.005324681890507433,-0.020225416998067697,-0.002896740952347869,0.008189568528788813
2023-12-05,-0.00964546855984347,0.00868229603556728,0.009015708578863564,0.005223333656518359,0.004788926195627838
2023-12-06,-0.0010368880967781269,0.0029322512578978397,0.010689525839357427,0.00887564706404538,-0.002345002586957837
2023-12-07,-0.019335012304922943,-0.0022899898684455348,-0.009185607175620036,0.010766220327602154,0.009846331672251586
2023-12-08,-0.016137497699300896,0.0036317246344695687,-0.016738518658910656,0.00788884722903543,-0.014168857580914046
2023-12-11,0.02342171823231128,-0.002469384444371301,0.0008913133890648082,-0.0006584050897811021,0.036092991893167704
2023-12-12,-0.01416164839401434,0.007484377003721195,0.008377544037154764,0.0021163209781580586,-0.01055527817821719
2023-12-13,-0.012064641363001035,-0.014651248673720989,0.01617835070190883,0.004600937230705462,-0.019092063831900406
2023-12-14,0.020206048811534455,-0.0026848589449491697,-0.0007793767029310128,0.0007270676957967718,-0.007416593140391611
2023-12-15,0.031955738861644475,-0.015926495960991983,-0.0033454502692712544,0.0007845851274692662,0.022315406699657828
2023-12-18,-0.012887232917078759,-0.01196048664181764,-0.008038175594263763,0.004942518791257093,-0.026973432451494233
